gnomAD ID,Chromosome,Position,rsIDs,Reference,Alternate,Filters - exomes,Filters - genomes,Transcript,HGVS Consequence,Protein Consequence,Transcript Consequence,VEP Annotation,ClinVar Germline Classification,ClinVar Variation ID,Flags,Allele Count,Allele Number,Allele Frequency,Homozygote Count,Hemizygote Count,Filters - joint,GroupMax FAF group,GroupMax FAF frequency,cadd,revel_max,spliceai_ds_max,pangolin_largest_ds,phylop,sift_max,polyphen_max,Allele Count African/African American,Allele Number African/African American,Homozygote Count African/African American,Hemizygote Count African/African American,Allele Count Admixed American,Allele Number Admixed American,Homozygote Count Admixed American,Hemizygote Count Admixed American,Allele Count Ashkenazi Jewish,Allele Number Ashkenazi Jewish,Homozygote Count Ashkenazi Jewish,Hemizygote Count Ashkenazi Jewish,Allele Count East Asian,Allele Number East Asian,Homozygote Count East Asian,Hemizygote Count East Asian,Allele Count European (Finnish),Allele Number European (Finnish),Homozygote Count European (Finnish),Hemizygote Count European (Finnish),Allele Count Middle Eastern,Allele Number Middle Eastern,Homozygote Count Middle Eastern,Hemizygote Count Middle Eastern,Allele Count European (non-Finnish),Allele Number European (non-Finnish),Homozygote Count European (non-Finnish),Hemizygote Count European (non-Finnish),Allele Count Amish,Allele Number Amish,Homozygote Count Amish,Hemizygote Count Amish,Allele Count South Asian,Allele Number South Asian,Homozygote Count South Asian,Hemizygote Count South Asian,Allele Count Remaining,Allele Number Remaining,Homozygote Count Remaining,Hemizygote Count Remaining
1-3682291-G-T,1,3682291,,G,T,PASS,NA,ENST00000378295.9,c.-33-42G>T,,c.-33-42G>T,intron_variant,,,,2,1375376,1.45414781121671E-06,0,0,PASS,sas,0.00000531,0.482,,0,0,-0.056,,,0,67716,0,0,0,37548,0,0,0,21442,0,0,0,35262,0,0,0,54404,0,0,0,5224,0,0,0,1038424,0,0,0,912,0,0,2,62504,0,0,0,51940,0,0
1-3682291-G-C,1,3682291,rs534349566,G,C,PASS,PASS,ENST00000378295.9,c.-33-42G>C,,c.-33-42G>C,intron_variant,,,,59,1375374,4.28974228100866E-05,1,0,PASS,amr,0.0012026,0.419,,0,0,-0.056,,,1,67716,0,0,57,37546,1,0,0,21442,0,0,0,35262,0,0,0,54404,0,0,0,5224,0,0,0,1038424,0,0,0,912,0,0,0,62504,0,0,1,51940,0,0
1-3682291-G-A,1,3682291,rs534349566,G,A,PASS,PASS,ENST00000378295.9,c.-33-42G>A,,c.-33-42G>A,intron_variant,,,,23,1375258,1.6724134671458E-05,0,0,PASS,nfe,0.0000117,0.644,,0.01,0,-0.056,,,0,67594,0,0,0,37528,0,0,0,21442,0,0,1,35274,0,0,1,54404,0,0,0,5246,0,0,19,1038432,0,0,0,912,0,0,0,62508,0,0,2,51918,0,0
1-3682294-T-C,1,3682294,rs916680140,T,C,PASS,NA,ENST00000378295.9,c.-33-39T>C,,c.-33-39T>C,intron_variant,,,,2,1383912,1.44517859517079E-06,0,0,PASS,nfe,0.00000032,0.067,,0,0,-0.017,,,0,67926,0,0,0,38244,0,0,0,21612,0,0,0,35122,0,0,0,54618,0,0,0,5294,0,0,2,1044616,0,0,0,910,0,0,0,63312,0,0,0,52258,0,0
1-3682296-C-A,1,3682296,,C,A,PASS,NA,ENST00000378295.9,c.-33-37C>A,,c.-33-37C>A,intron_variant,,,,1,1395094,7.16797577797625E-07,0,0,PASS,,,0.693,,0.03,0,-0.247,,,0,68312,0,0,0,38864,0,0,0,21976,0,0,0,35740,0,0,0,54858,0,0,0,5336,0,0,0,1051480,0,0,0,912,0,0,1,64836,0,0,0,52780,0,0
1-3682297-C-T,1,3682297,,C,T,PASS,NA,ENST00000378295.9,c.-33-36C>T,,c.-33-36C>T,intron_variant,,,,1,1397234,7.1569973247144E-07,0,0,PASS,,,2.31,,0.02,0,-0.027,,,0,68350,0,0,1,38954,0,0,0,22022,0,0,0,35768,0,0,0,54912,0,0,0,5346,0,0,0,1053160,0,0,0,912,0,0,0,64990,0,0,0,52820,0,0
1-3682299-A-G,1,3682299,,A,G,PASS,NA,ENST00000378295.9,c.-33-34A>G,,c.-33-34A>G,intron_variant,,,,3,1395420,2.14989035559187E-06,0,0,PASS,nfe,0.00000032,0.509,,0,-0.01,-3.89,,,0,68240,0,0,0,38698,0,0,0,21962,0,0,0,35692,0,0,0,54938,0,0,0,5348,0,0,2,1052118,0,0,0,910,0,0,1,64786,0,0,0,52728,0,0
1-3682300-G-A,1,3682300,,G,A,PASS,NA,ENST00000378295.9,c.-33-33G>A,,c.-33-33G>A,intron_variant,,,,1,1400418,7.14072512635513E-07,0,0,PASS,,,0.078,,0.01,0,-0.611,,,0,68452,0,0,0,39038,0,0,0,22120,0,0,0,35804,0,0,0,55004,0,0,0,5354,0,0,1,1055368,0,0,0,910,0,0,0,65406,0,0,0,52962,0,0
1-3682303-T-C,1,3682303,,T,C,PASS,NA,ENST00000378295.9,c.-33-30T>C,,c.-33-30T>C,intron_variant,,,,1,1411590,7.08421000432137E-07,0,0,PASS,,,0.334,,0,-0.01,-2.55,,,0,68850,0,0,0,40442,0,0,0,22552,0,0,0,35996,0,0,0,55292,0,0,0,5408,0,0,0,1062338,0,0,0,912,0,0,0,66380,0,0,1,53420,0,0
1-3682305-C-A,1,3682305,,C,A,PASS,NA,ENST00000378295.9,c.-33-28C>A,,c.-33-28C>A,intron_variant,,,,1,1429328,6.99629476229389E-07,0,0,PASS,,,6.93,,0,0,2.11,,,0,69494,0,0,0,42188,0,0,0,23198,0,0,0,36648,0,0,0,55812,0,0,0,5478,0,0,0,1072304,0,0,0,912,0,0,0,68996,0,0,1,54298,0,0
1-3682306-T-C,1,3682306,rs374235190,T,C,PASS,PASS,ENST00000378295.9,c.-33-27T>C,,c.-33-27T>C,intron_variant,,,,36,1429814,2.5178100088543E-05,0,0,PASS,sas,0.00037441,4.67,,0.02,-0.07,0.436,,,0,69468,0,0,0,42094,0,0,0,23190,0,0,0,36616,0,0,0,55790,0,0,0,5480,0,0,0,1073056,0,0,0,912,0,0,35,68932,0,0,1,54276,0,0
1-3682307-C-CA,1,3682307,,C,CA,PASS,NA,ENST00000378295.9,c.-33-25dup,,c.-33-25dup,intron_variant,,,,1,1431932,6.98357184559043E-07,0,0,PASS,,,6.6,,0,0,2.41,,,0,69544,0,0,0,42206,0,0,0,23256,0,0,0,36706,0,0,0,55852,0,0,0,5492,0,0,1,1074286,0,0,0,912,0,0,0,69304,0,0,0,54374,0,0
1-3682309-G-C,1,3682309,,G,C,PASS,NA,ENST00000378295.9,c.-33-24G>C,,c.-33-24G>C,intron_variant,,,,1,1442640,6.93173626129873E-07,0,0,PASS,,,0.693,,0,0,-3.09,,,0,69918,0,0,0,43250,0,0,0,23634,0,0,0,37102,0,0,0,56160,0,0,0,5522,0,0,0,1080638,0,0,0,912,0,0,0,70644,0,0,1,54860,0,0
1-3682309-G-A,1,3682309,,G,A,PASS,NA,ENST00000378295.9,c.-33-24G>A,,c.-33-24G>A,intron_variant,,,,6,1442640,4.15904175677924E-06,0,0,PASS,nfe,0.000002,0.825,,0,0,-3.09,,,0,69918,0,0,0,43250,0,0,0,23634,0,0,0,37102,0,0,0,56160,0,0,0,5522,0,0,6,1080638,0,0,0,912,0,0,0,70644,0,0,0,54860,0,0
1-3682310-G-A,1,3682310,rs1449761755,G,A,PASS,NA,ENST00000378295.9,c.-33-23G>A,,c.-33-23G>A,intron_variant,,,,1,1445388,6.91855750843372E-07,0,0,PASS,,,0.247,,0,0,-0.758,,,0,70038,0,0,1,43458,0,0,0,23788,0,0,0,37182,0,0,0,56218,0,0,0,5536,0,0,0,1082228,0,0,0,912,0,0,0,71036,0,0,0,54992,0,0
1-3682312-G-A,1,3682312,,G,A,PASS,NA,ENST00000378295.9,c.-33-21G>A,,c.-33-21G>A,intron_variant,,,,5,1447908,3.45325807993326E-06,0,0,PASS,nfe,0.00000086,4.77,,0.03,0.01,0.468,,,0,70096,0,0,0,43558,0,0,0,23852,0,0,0,37252,0,0,0,56312,0,0,0,5542,0,0,4,1083938,0,0,0,912,0,0,1,71346,0,0,0,55100,0,0
1-3682313-T-A,1,3682313,,T,A,PASS,NA,ENST00000378295.9,c.-33-20T>A,,c.-33-20T>A,intron_variant,,,,1,1446084,6.91522760780148E-07,0,0,PASS,,,3.91,,0,0,-0.524,,,1,69952,0,0,0,43328,0,0,0,23842,0,0,0,37070,0,0,0,56288,0,0,0,5542,0,0,0,1082966,0,0,0,910,0,0,0,71170,0,0,0,55016,0,0
1-3682314-C-G,1,3682314,rs554511962,C,G,PASS,NA,ENST00000378295.9,c.-33-19C>G,,c.-33-19C>G,intron_variant,,,,6,1451188,4.13454356017277E-06,0,0,PASS,nfe,0.00000199,0.322,,0,0,0.42,,,0,70186,0,0,0,43810,0,0,0,24036,0,0,0,37346,0,0,0,56458,0,0,0,5552,0,0,6,1085908,0,0,0,912,0,0,0,71728,0,0,0,55252,0,0
1-3682314-C-A,1,3682314,rs554511962,C,A,PASS,PASS,ENST00000378295.9,c.-33-19C>A,,c.-33-19C>A,intron_variant,,,,23,1451186,1.5849105490268E-05,0,0,PASS,eas,0.00037641,0.292,,0,0,0.42,,,0,70186,0,0,0,43810,0,0,0,24036,0,0,21,37346,0,0,0,56458,0,0,0,5552,0,0,0,1085906,0,0,0,912,0,0,1,71728,0,0,1,55252,0,0
